-- phpMyAdmin SQL Dump
-- version 5.2.1
-- https://www.phpmyadmin.net/
--
-- Máy chủ: 127.0.0.1:3306
-- Thời gian đã tạo: Th4 21, 2025 lúc 01:43 PM
-- Phiên bản máy phục vụ: 8.3.0
-- Phiên bản PHP: 8.2.18

SET SQL_MODE = "NO_AUTO_VALUE_ON_ZERO";
START TRANSACTION;
SET time_zone = "+00:00";


/*!40101 SET @OLD_CHARACTER_SET_CLIENT=@@CHARACTER_SET_CLIENT */;
/*!40101 SET @OLD_CHARACTER_SET_RESULTS=@@CHARACTER_SET_RESULTS */;
/*!40101 SET @OLD_COLLATION_CONNECTION=@@COLLATION_CONNECTION */;
/*!40101 SET NAMES utf8mb4 */;

--
-- Cơ sở dữ liệu: `web-new`
--

-- --------------------------------------------------------

--
-- Cấu trúc bảng cho bảng `attendance`
--

DROP TABLE IF EXISTS `attendance`;
CREATE TABLE IF NOT EXISTS `attendance` (
  `id` int NOT NULL AUTO_INCREMENT,
  `mssv` varchar(20) NOT NULL,
  `status` enum('present','absent') NOT NULL,
  `date` datetime NOT NULL,
  `session_id` int NOT NULL,
  PRIMARY KEY (`id`),
  KEY `mssv` (`mssv`),
  KEY `session_id` (`session_id`)
) ENGINE=MyISAM AUTO_INCREMENT=202 DEFAULT CHARSET=utf8mb4 COLLATE=utf8mb4_0900_ai_ci;

--
-- Đang đổ dữ liệu cho bảng `attendance`
--

INSERT INTO `attendance` (`id`, `mssv`, `status`, `date`, `session_id`) VALUES
(1, 'DH52101466', 'present', '2025-04-01 10:11:50', 0),
(2, 'DH52110556', 'present', '2025-04-01 10:08:52', 0),
(3, 'DH52110557', 'present', '2025-04-01 10:08:52', 0),
(4, 'DH52110558', 'present', '2025-04-01 10:08:53', 0),
(5, 'DH52110559', 'present', '2025-04-01 10:08:54', 0),
(6, 'DH52110560', 'present', '2025-04-01 10:08:54', 0),
(7, 'DH52110561', 'present', '2025-04-01 10:08:55', 0),
(8, 'DH52110562', 'present', '2025-04-01 10:08:55', 0),
(9, 'DH52110563', 'present', '2025-04-01 10:08:56', 0),
(10, 'DH52110576', 'present', '2025-04-01 12:05:40', 0),
(11, 'DH52110575', 'present', '2025-04-01 12:05:39', 0),
(12, 'DH52110580', 'present', '2025-04-01 12:05:41', 0),
(13, 'DH52110579', 'present', '2025-04-01 12:05:41', 0),
(14, 'DH888888888', 'present', '2025-04-01 12:05:43', 0),
(15, 'DH52708079', 'present', '2025-04-01 12:05:43', 0),
(16, 'DH52708078', 'present', '2025-04-01 12:05:42', 0),
(17, 'DH52708075', 'present', '2025-04-01 12:05:42', 0),
(18, 'DH12345678', 'present', '2025-04-01 12:05:39', 0),
(81, 'DH52110556', 'present', '2025-04-01 18:31:45', 6),
(80, 'DH52110579', 'absent', '2025-04-01 18:28:08', 5),
(79, 'DH52110562', 'present', '2025-04-02 08:52:23', 5),
(78, 'DH52110575', 'present', '2025-04-02 08:52:22', 5),
(77, 'DH52708078', 'present', '2025-04-01 18:28:06', 5),
(76, 'DH52110580', 'present', '2025-04-02 08:52:21', 5),
(75, 'DH52110556', 'present', '2025-04-02 08:52:21', 5),
(74, 'DH52101466', 'present', '2025-04-01 18:09:30', 5),
(73, 'DH72105210', 'present', '2025-04-01 17:24:58', 6),
(72, 'DH12345678', 'present', '2025-04-01 17:24:57', 6),
(71, 'DH52708075', 'present', '2025-04-01 17:24:57', 6),
(70, 'DH52708078', 'absent', '2025-04-01 17:24:56', 6),
(69, 'DH52708079', 'absent', '2025-04-01 17:24:55', 6),
(68, 'DH888888888', 'present', '2025-04-02 08:52:33', 6),
(67, 'DH52110580', 'present', '2025-04-01 18:09:36', 6),
(66, 'DH52110579', 'present', '2025-04-01 18:09:36', 6),
(65, 'DH52110575', 'absent', '2025-04-01 18:09:35', 6),
(64, 'DH52110576', 'present', '2025-04-01 18:09:37', 6),
(82, 'DH52110560', 'present', '2025-04-02 08:52:34', 6),
(83, 'DH52110561', 'present', '2025-04-02 08:52:34', 6),
(84, 'DH52110558', 'present', '2025-04-02 08:52:34', 6),
(85, 'DH52110563', 'present', '2025-04-02 08:52:36', 6),
(86, 'DH52110559', 'absent', '2025-04-02 08:52:37', 6),
(87, 'DH52110560', 'present', '2025-04-02 09:18:14', 7),
(88, 'DH52110561', 'present', '2025-04-02 09:18:15', 7),
(89, 'DH52110558', 'present', '2025-04-02 09:18:15', 7),
(90, 'DH52110556', 'present', '2025-04-02 09:18:16', 7),
(91, 'DH52110563', 'absent', '2025-04-02 09:18:17', 7),
(92, 'DH52110576', 'absent', '2025-04-02 09:18:18', 7),
(93, 'DH52110562', 'present', '2025-04-02 09:18:19', 7),
(94, 'DH52101466', 'present', '2025-04-02 09:18:19', 7),
(95, 'DH52110559', 'present', '2025-04-02 09:18:20', 7),
(96, 'DH52110557', 'present', '2025-04-02 09:18:21', 7),
(97, 'DH888888888', 'present', '2025-04-02 09:18:25', 8),
(98, 'DH52708075', 'present', '2025-04-02 09:18:25', 8),
(99, 'DH52110580', 'present', '2025-04-02 09:18:26', 8),
(100, 'DH72105210', 'present', '2025-04-02 09:18:26', 8),
(101, 'DH52708078', 'present', '2025-04-02 09:18:26', 8),
(102, 'DH52110575', 'present', '2025-04-02 09:18:27', 8),
(103, 'DH52708079', 'present', '2025-04-02 09:18:27', 8),
(104, 'DH12345678', 'present', '2025-04-02 09:18:28', 8),
(105, 'DH52110579', 'absent', '2025-04-02 09:18:28', 8),
(106, 'DH52110560', 'present', '2025-04-03 15:24:27', 9),
(107, 'DH52110561', 'absent', '2025-04-03 15:24:28', 9),
(108, 'DH52110558', 'present', '2025-04-03 15:24:28', 9),
(109, 'DH52110556', 'present', '2025-04-03 15:24:29', 9),
(110, 'DH52110562', 'present', '2025-04-03 15:24:29', 9),
(111, 'DH52101466', 'present', '2025-04-03 15:24:30', 9),
(112, 'DH52110559', 'present', '2025-04-03 15:24:31', 9),
(113, 'DH52110557', 'absent', '2025-04-03 15:24:31', 9),
(114, 'DH52110556', 'present', '2025-04-03 15:31:08', 10),
(115, 'DH52101466', 'present', '2025-04-03 15:31:10', 10),
(116, 'DH52110557', 'present', '2025-04-03 15:31:15', 10),
(117, 'DH52110556', 'absent', '2025-04-03 15:31:46', 11),
(118, 'DH52101466', 'present', '2025-04-03 15:31:48', 11),
(119, 'DH52110557', 'present', '2025-04-03 15:31:50', 11),
(120, 'DH52110560', 'present', '2025-04-03 16:45:19', 12),
(121, 'DH52110561', 'present', '2025-04-03 16:45:20', 12),
(122, 'DH52110558', 'present', '2025-04-03 16:45:21', 12),
(123, 'DH52110556', 'absent', '2025-04-03 16:45:22', 12),
(124, 'DH52101466', 'present', '2025-04-03 16:45:22', 12),
(125, 'DH52110559', 'absent', '2025-04-03 16:45:23', 12),
(126, 'DH52110557', 'present', '2025-04-03 16:45:24', 12),
(127, 'DH52110560', 'present', '2025-04-04 15:03:03', 13),
(128, 'DH52110561', 'present', '2025-04-04 15:03:04', 13),
(129, 'DH52110558', 'present', '2025-04-04 15:03:04', 13),
(130, 'DH52110556', 'present', '2025-04-04 15:03:05', 13),
(131, 'DH52110563', 'absent', '2025-04-04 15:03:05', 13),
(132, 'DH52110559', 'present', '2025-04-04 15:03:06', 13),
(133, 'DH52110557', 'present', '2025-04-04 15:03:06', 13),
(134, 'DH5211056', 'present', '2025-04-06 10:45:39', 18),
(135, 'DH52110561', 'present', '2025-04-06 10:45:40', 18),
(136, 'DH52110558', 'present', '2025-04-06 10:45:40', 18),
(137, 'DH52110556', 'present', '2025-04-06 10:47:33', 18),
(138, 'DH52110575', 'present', '2025-04-06 10:45:43', 18),
(139, 'DH76589001', 'present', '2025-04-06 10:45:43', 18),
(140, 'DH52110576', 'present', '2025-04-06 10:45:43', 18),
(141, 'DH52110562', 'absent', '2025-04-06 10:45:44', 18),
(142, 'DH52101466', 'present', '2025-04-06 10:45:45', 18),
(143, 'DH52110559', 'present', '2025-04-06 10:45:45', 18),
(144, 'DH52110557', 'present', '2025-04-06 10:45:46', 18),
(145, 'DH52110556', 'present', '2025-04-06 13:10:41', 20),
(146, 'DH52101466', 'present', '2025-04-06 13:10:42', 20),
(147, 'DH5211056', 'present', '2025-04-06 13:35:51', 21),
(148, 'DH52110561', 'present', '2025-04-06 13:35:51', 21),
(149, 'DH52110558', 'absent', '2025-04-06 13:35:52', 21),
(150, 'DH52110556', 'present', '2025-04-06 13:35:52', 21),
(151, 'DH52110575', 'present', '2025-04-06 13:35:53', 21),
(152, 'DH76589001', 'present', '2025-04-06 13:35:53', 21),
(153, 'DH52110576', 'present', '2025-04-06 13:35:56', 21),
(154, 'DH52110562', 'present', '2025-04-06 13:35:57', 21),
(155, 'DH52101466', 'present', '2025-04-06 13:35:58', 21),
(156, 'DH52110559', 'present', '2025-04-06 13:35:58', 21),
(157, 'DH52110557', 'present', '2025-04-06 13:35:59', 21),
(158, 'DH5211056', 'present', '2025-04-02 13:57:18', 21),
(159, 'DH52110561', 'present', '2025-04-02 13:57:19', 21),
(160, 'DH52110558', 'present', '2025-04-02 13:57:20', 21),
(161, 'DH52110556', 'present', '2025-04-02 13:57:23', 21),
(162, 'DH52110575', 'absent', '2025-04-02 13:57:23', 21),
(163, 'DH76589001', 'present', '2025-04-02 13:57:24', 21),
(164, 'DH52110576', 'present', '2025-04-02 13:57:25', 21),
(165, 'DH52110562', 'present', '2025-04-02 13:57:25', 21),
(166, 'DH52101466', 'present', '2025-04-02 13:57:25', 21),
(167, 'DH52110559', 'present', '2025-04-02 13:57:26', 21),
(168, 'DH52110557', 'present', '2025-04-02 13:57:27', 21),
(169, 'DH5211056', 'present', '2025-04-03 13:57:32', 21),
(170, 'DH52110561', 'present', '2025-04-03 13:57:32', 21),
(171, 'DH52110558', 'absent', '2025-04-03 13:57:33', 21),
(172, 'DH52110556', 'present', '2025-04-03 13:57:33', 21),
(173, 'DH52110575', 'present', '2025-04-03 13:57:34', 21),
(174, 'DH76589001', 'present', '2025-04-03 13:57:34', 21),
(175, 'DH52110576', 'present', '2025-04-03 13:57:35', 21),
(176, 'DH52110562', 'present', '2025-04-03 13:57:36', 21),
(177, 'DH52101466', 'absent', '2025-04-03 13:57:36', 21),
(178, 'DH52110559', 'present', '2025-04-03 13:57:37', 21),
(179, 'DH52110557', 'present', '2025-04-03 13:57:38', 21),
(180, 'DH5211056', 'present', '2025-04-04 13:57:43', 21),
(181, 'DH52110561', 'absent', '2025-04-04 13:57:46', 21),
(182, 'DH52110558', 'present', '2025-04-04 13:57:46', 21),
(183, 'DH52110556', 'present', '2025-04-04 13:57:47', 21),
(184, 'DH52110575', 'present', '2025-04-04 13:57:48', 21),
(185, 'DH76589001', 'absent', '2025-04-04 13:57:49', 21),
(186, 'DH52110576', 'present', '2025-04-04 13:57:49', 21),
(187, 'DH52110562', 'present', '2025-04-04 13:57:50', 21),
(188, 'DH52101466', 'present', '2025-04-04 13:57:50', 21),
(189, 'DH52110559', 'present', '2025-04-04 13:57:51', 21),
(190, 'DH52110557', 'absent', '2025-04-04 13:57:52', 21),
(191, 'DH52110556', 'absent', '2025-04-05 13:57:55', 21),
(192, 'DH5211056', 'present', '2025-04-05 13:57:56', 21),
(193, 'DH52110561', 'present', '2025-04-05 13:57:56', 21),
(194, 'DH52110558', 'present', '2025-04-05 13:57:57', 21),
(195, 'DH52110575', 'absent', '2025-04-05 13:57:58', 21),
(196, 'DH76589001', 'absent', '2025-04-05 13:57:58', 21),
(197, 'DH52110576', 'present', '2025-04-05 13:57:59', 21),
(198, 'DH52110562', 'present', '2025-04-05 13:57:59', 21),
(199, 'DH52101466', 'present', '2025-04-05 13:58:00', 21),
(200, 'DH52110559', 'present', '2025-04-05 13:58:00', 21),
(201, 'DH52110557', 'present', '2025-04-05 13:58:00', 21);

-- --------------------------------------------------------

--
-- Cấu trúc bảng cho bảng `class_sessions`
--

DROP TABLE IF EXISTS `class_sessions`;
CREATE TABLE IF NOT EXISTS `class_sessions` (
  `id` int NOT NULL AUTO_INCREMENT,
  `date` date NOT NULL,
  `time_slot` varchar(50) NOT NULL,
  `room` varchar(50) NOT NULL,
  `created_at` timestamp NULL DEFAULT CURRENT_TIMESTAMP,
  `subject_name` varchar(255) DEFAULT NULL,
  `start_date` date DEFAULT NULL,
  `end_date` date DEFAULT NULL,
  PRIMARY KEY (`id`)
) ENGINE=MyISAM AUTO_INCREMENT=28 DEFAULT CHARSET=utf8mb4 COLLATE=utf8mb4_0900_ai_ci;

--
-- Đang đổ dữ liệu cho bảng `class_sessions`
--

INSERT INTO `class_sessions` (`id`, `date`, `time_slot`, `room`, `created_at`, `subject_name`, `start_date`, `end_date`) VALUES
(22, '2025-07-04', 'Ca 2 (13:00 - 17:00)', 'C608', '2025-04-06 13:35:47', 'CTDL', '2025-04-24', '2025-05-25'),
(21, '2025-07-04', 'Ca 1 (7:00 - 11:00)', 'C606', '2025-04-06 13:35:30', 'NMLT', '2025-04-24', '2025-05-25'),
(27, '2025-04-21', 'Ca 1 (7:00 - 11:00)', 'C808', '2025-04-21 07:42:09', 'KTLT', '2025-04-24', '2025-05-25');

-- --------------------------------------------------------

--
-- Cấu trúc bảng cho bảng `class_session_students`
--

DROP TABLE IF EXISTS `class_session_students`;
CREATE TABLE IF NOT EXISTS `class_session_students` (
  `id` int NOT NULL AUTO_INCREMENT,
  `session_id` int DEFAULT NULL,
  `mssv` varchar(20) DEFAULT NULL,
  PRIMARY KEY (`id`),
  KEY `session_id` (`session_id`),
  KEY `mssv` (`mssv`)
) ENGINE=MyISAM AUTO_INCREMENT=468 DEFAULT CHARSET=utf8mb4 COLLATE=utf8mb4_0900_ai_ci;

--
-- Đang đổ dữ liệu cho bảng `class_session_students`
--

INSERT INTO `class_session_students` (`id`, `session_id`, `mssv`) VALUES
(194, 22, 'DH87654321'),
(193, 22, 'DH72105210'),
(192, 22, 'DH12345678'),
(191, 22, 'DH52708075'),
(190, 22, 'DH52708078'),
(189, 22, 'DH52708079'),
(448, 27, '123456'),
(443, 21, 'DH52110557'),
(442, 21, 'DH52110559'),
(441, 21, 'DH5211056'),
(440, 21, 'DH52110561'),
(439, 21, 'DH52110562'),
(438, 21, 'DH76589001'),
(437, 21, 'DH52110576'),
(436, 21, 'DH52110575'),
(186, 22, 'DH52110579'),
(187, 22, 'DH52110580'),
(188, 22, 'DH888888888'),
(435, 21, 'DH52110556'),
(434, 21, 'DH52101466'),
(433, 21, 'DH52107510'),
(467, 27, '20230018'),
(466, 27, '20230017'),
(465, 27, '20230016'),
(464, 27, '20230015'),
(463, 27, '20230014'),
(462, 27, '20230013'),
(461, 27, '20230012'),
(460, 27, '20230011'),
(459, 27, '20230010'),
(458, 27, '20230009'),
(457, 27, '20230008'),
(456, 27, '20230007'),
(455, 27, '20230006'),
(454, 27, '20230005'),
(453, 27, '20230004'),
(452, 27, '20230003'),
(451, 27, '20230002'),
(450, 27, '20230001'),
(449, 27, '123457'),
(447, 27, 'DH52110558');

-- --------------------------------------------------------

--
-- Cấu trúc bảng cho bảng `group_members`
--

DROP TABLE IF EXISTS `group_members`;
CREATE TABLE IF NOT EXISTS `group_members` (
  `id` int NOT NULL AUTO_INCREMENT,
  `group_id` int NOT NULL,
  `mssv` varchar(20) NOT NULL,
  `created_at` datetime NOT NULL DEFAULT CURRENT_TIMESTAMP,
  PRIMARY KEY (`id`),
  UNIQUE KEY `unique_group_member` (`group_id`,`mssv`),
  KEY `mssv` (`mssv`)
) ENGINE=MyISAM AUTO_INCREMENT=2141 DEFAULT CHARSET=utf8mb4 COLLATE=utf8mb4_0900_ai_ci;

--
-- Đang đổ dữ liệu cho bảng `group_members`
--

INSERT INTO `group_members` (`id`, `group_id`, `mssv`, `created_at`) VALUES
(1, 1, 'DH52110563', '2025-04-02 13:16:34'),
(2, 1, 'DH52110556', '2025-04-02 13:16:34'),
(3, 1, 'DH52101466', '2025-04-02 13:16:34'),
(4, 1, 'DH52110562', '2025-04-02 13:16:34'),
(5, 1, 'DH52110557', '2025-04-02 13:16:34'),
(6, 2, 'DH52110576', '2025-04-02 13:43:26'),
(7, 2, 'DH12345678', '2025-04-02 13:43:26'),
(8, 2, 'DH52708079', '2025-04-02 13:43:26'),
(9, 2, 'DH52708075', '2025-04-02 13:43:26'),
(10, 3, 'DH52708079', '2025-04-02 13:57:44'),
(11, 3, 'DH52110579', '2025-04-02 13:57:44'),
(12, 4, 'DH12345678', '2025-04-02 13:57:57'),
(13, 4, 'DH888888888', '2025-04-02 13:57:57'),
(14, 4, 'DH52110579', '2025-04-02 13:57:57'),
(15, 4, 'DH52110576', '2025-04-02 13:57:57'),
(16, 4, 'DH52110575', '2025-04-02 13:57:57'),
(33, 10, 'DH52110579', '2025-04-02 15:35:12'),
(32, 9, 'DH52708078', '2025-04-02 14:08:40'),
(31, 9, 'DH52708079', '2025-04-02 14:08:40'),
(27, 8, 'DH52110576', '2025-04-02 14:06:59'),
(28, 8, 'DH52110575', '2025-04-02 14:06:59'),
(29, 8, 'DH52110579', '2025-04-02 14:06:59'),
(30, 9, 'DH888888888', '2025-04-02 14:08:40'),
(34, 10, 'DH52110575', '2025-04-02 15:35:12'),
(35, 11, 'DH72105210', '2025-04-02 15:35:12'),
(36, 11, 'DH52708075', '2025-04-02 15:35:12'),
(37, 11, 'DH888888888', '2025-04-02 15:35:12'),
(38, 11, 'DH52708078', '2025-04-02 15:35:12'),
(39, 12, 'DH52110580', '2025-04-02 15:35:12'),
(40, 12, 'DH12345678', '2025-04-02 15:35:12'),
(41, 12, 'DH52708079', '2025-04-02 15:35:12'),
(42, 13, 'DH52110576', '2025-04-02 15:35:12'),
(43, 14, 'DH52708079', '2025-04-02 15:35:14'),
(44, 14, 'DH52110579', '2025-04-02 15:35:14'),
(45, 14, 'DH52708078', '2025-04-02 15:35:14'),
(46, 14, 'DH52110575', '2025-04-02 15:35:14'),
(47, 15, 'DH52110580', '2025-04-02 15:35:14'),
(48, 15, 'DH52110576', '2025-04-02 15:35:14'),
(49, 16, 'DH12345678', '2025-04-02 15:35:14'),
(50, 16, 'DH888888888', '2025-04-02 15:35:14'),
(51, 17, 'DH72105210', '2025-04-02 15:35:14'),
(52, 17, 'DH52708075', '2025-04-02 15:35:14'),
(53, 18, 'DH52110579', '2025-04-02 15:35:14'),
(54, 18, 'DH12345678', '2025-04-02 15:35:14'),
(55, 18, 'DH72105210', '2025-04-02 15:35:14'),
(56, 18, 'DH888888888', '2025-04-02 15:35:14'),
(57, 18, 'DH52110576', '2025-04-02 15:35:14'),
(58, 19, 'DH52110580', '2025-04-02 15:35:14'),
(59, 19, 'DH52708075', '2025-04-02 15:35:14'),
(60, 19, 'DH52708078', '2025-04-02 15:35:14'),
(61, 20, 'DH52110575', '2025-04-02 15:35:14'),
(62, 20, 'DH52708079', '2025-04-02 15:35:14'),
(63, 21, 'DH52110575', '2025-04-02 15:35:14'),
(64, 21, 'DH52110576', '2025-04-02 15:35:14'),
(65, 21, 'DH888888888', '2025-04-02 15:35:14'),
(66, 21, 'DH52110579', '2025-04-02 15:35:14'),
(67, 21, 'DH52708075', '2025-04-02 15:35:14'),
(68, 22, 'DH12345678', '2025-04-02 15:35:14'),
(69, 22, 'DH52110580', '2025-04-02 15:35:14'),
(70, 22, 'DH52708079', '2025-04-02 15:35:14'),
(71, 23, 'DH72105210', '2025-04-02 15:35:14'),
(72, 23, 'DH52708078', '2025-04-02 15:35:14'),
(73, 24, 'DH52110579', '2025-04-02 15:35:14'),
(74, 24, 'DH52708078', '2025-04-02 15:35:14'),
(75, 24, 'DH52708079', '2025-04-02 15:35:14'),
(76, 24, 'DH12345678', '2025-04-02 15:35:14'),
(77, 24, 'DH52708075', '2025-04-02 15:35:14'),
(78, 25, 'DH52110576', '2025-04-02 15:35:14'),
(79, 25, 'DH888888888', '2025-04-02 15:35:14'),
(80, 25, 'DH72105210', '2025-04-02 15:35:14'),
(81, 25, 'DH52110575', '2025-04-02 15:35:14'),
(82, 25, 'DH52110580', '2025-04-02 15:35:14'),
(83, 26, 'DH52110579', '2025-04-02 15:35:29'),
(84, 26, 'DH52708078', '2025-04-02 15:35:29'),
(85, 26, 'DH72105210', '2025-04-02 15:35:29'),
(86, 27, 'DH52110580', '2025-04-02 15:35:29'),
(87, 27, 'DH52708075', '2025-04-02 15:35:29'),
(88, 27, 'DH12345678', '2025-04-02 15:35:29'),
(89, 28, 'DH52110576', '2025-04-02 15:35:29'),
(90, 28, 'DH52110575', '2025-04-02 15:35:29'),
(91, 28, 'DH888888888', '2025-04-02 15:35:29'),
(92, 28, 'DH52708079', '2025-04-02 15:35:29'),
(93, 29, 'DH52708079', '2025-04-02 15:35:29'),
(94, 29, 'DH52110575', '2025-04-02 15:35:29'),
(95, 29, 'DH52110576', '2025-04-02 15:35:29'),
(96, 29, 'DH888888888', '2025-04-02 15:35:29'),
(97, 29, 'DH52708075', '2025-04-02 15:35:29'),
(98, 30, 'DH52110580', '2025-04-02 15:35:29'),
(99, 30, 'DH52110579', '2025-04-02 15:35:29'),
(100, 31, 'DH52708078', '2025-04-02 15:35:29'),
(101, 31, 'DH12345678', '2025-04-02 15:35:29'),
(102, 31, 'DH72105210', '2025-04-02 15:35:29'),
(103, 32, 'DH52110580', '2025-04-02 15:35:29'),
(104, 32, 'DH888888888', '2025-04-02 15:35:29'),
(105, 33, 'DH52110575', '2025-04-02 15:35:29'),
(106, 33, 'DH72105210', '2025-04-02 15:35:29'),
(107, 33, 'DH52708075', '2025-04-02 15:35:29'),
(108, 34, 'DH52110576', '2025-04-02 15:35:29'),
(109, 34, 'DH12345678', '2025-04-02 15:35:29'),
(110, 34, 'DH52110579', '2025-04-02 15:35:29'),
(111, 34, 'DH52708079', '2025-04-02 15:35:29'),
(112, 34, 'DH52708078', '2025-04-02 15:35:29'),
(113, 35, 'DH52110580', '2025-04-02 15:36:29'),
(114, 35, 'DH72105210', '2025-04-02 15:36:29'),
(115, 35, 'DH12345678', '2025-04-02 15:36:29'),
(116, 36, 'DH888888888', '2025-04-02 15:36:29'),
(117, 36, 'DH52708075', '2025-04-02 15:36:29'),
(118, 36, 'DH52708078', '2025-04-02 15:36:29'),
(123, 38, 'DH888888888', '2025-04-02 15:50:43'),
(124, 38, 'DH52110576', '2025-04-02 15:50:43'),
(125, 39, 'DH52708079', '2025-04-02 15:50:43'),
(126, 39, 'DH52110579', '2025-04-02 15:50:43'),
(127, 39, 'DH52110575', '2025-04-02 15:50:43'),
(128, 39, 'DH72105210', '2025-04-02 15:50:43'),
(129, 40, 'DH12345678', '2025-04-02 15:50:43'),
(130, 40, 'DH52110580', '2025-04-02 15:50:43'),
(131, 41, 'DH52708078', '2025-04-02 15:50:43'),
(132, 41, 'DH52708075', '2025-04-02 15:50:43'),
(133, 42, 'DH52708075', '2025-04-02 15:51:42'),
(134, 42, 'DH12345678', '2025-04-02 15:51:42'),
(135, 43, 'DH888888888', '2025-04-02 15:51:42'),
(136, 43, 'DH52708079', '2025-04-02 15:51:42'),
(137, 43, 'DH72105210', '2025-04-02 15:51:42'),
(138, 44, 'DH52110579', '2025-04-02 15:51:42'),
(139, 44, 'DH52708078', '2025-04-02 15:51:42'),
(140, 45, 'DH52110575', '2025-04-02 15:51:42'),
(141, 45, 'DH52110576', '2025-04-02 15:51:42'),
(142, 45, 'DH52110580', '2025-04-02 15:51:42'),
(362, 91, 'DH52110561', '2025-04-04 01:57:16'),
(361, 91, 'DH52110560', '2025-04-04 01:57:16'),
(359, 90, 'DH52110556', '2025-04-04 01:57:16'),
(358, 90, 'DH52110559', '2025-04-04 01:57:16'),
(357, 89, 'DH52110558', '2025-04-04 01:57:16'),
(350, 87, 'DH52110562', '2025-04-04 01:41:16'),
(346, 87, 'DH52110558', '2025-04-04 01:41:16'),
(347, 87, 'DH52110559', '2025-04-04 01:41:16'),
(348, 87, 'DH52110560', '2025-04-04 01:41:16'),
(349, 87, 'DH52110563', '2025-04-04 01:41:16'),
(205, 66, 'DH52708075', '2025-04-03 22:18:35'),
(206, 66, 'DH52708078', '2025-04-03 22:18:35'),
(207, 67, 'DH52708079', '2025-04-03 22:18:40'),
(208, 67, 'DH888888888', '2025-04-03 22:18:40'),
(209, 68, 'DH52110580', '2025-04-03 22:18:44'),
(210, 68, 'DH52110579', '2025-04-03 22:18:44'),
(211, 68, 'DH52110575', '2025-04-03 22:18:44'),
(212, 69, 'DH72105210', '2025-04-03 22:18:46'),
(213, 69, 'DH12345678', '2025-04-03 22:18:46'),
(363, 92, 'DH52110563', '2025-04-04 01:57:16'),
(360, 90, 'DH52110557', '2025-04-04 01:57:16'),
(356, 89, 'DH52110562', '2025-04-04 01:57:16'),
(355, 88, 'DH52110561', '2025-04-04 01:41:21'),
(351, 88, 'DH52101466', '2025-04-04 01:41:21'),
(352, 88, 'DH52110556', '2025-04-04 01:41:21'),
(353, 88, 'DH52110557', '2025-04-04 01:41:21'),
(354, 88, 'DH52110576', '2025-04-04 01:41:21'),
(364, 92, 'DH52101466', '2025-04-04 01:57:16'),
(380, 93, 'DH52110563', '2025-04-04 22:14:13'),
(379, 93, 'DH52110556', '2025-04-04 22:14:13'),
(378, 93, 'DH52101466', '2025-04-04 22:14:13'),
(368, 94, 'DH52110562', '2025-04-04 22:14:00'),
(369, 94, 'DH52110561', '2025-04-04 22:14:00'),
(370, 94, 'DH52110560', '2025-04-04 22:14:00'),
(375, 95, 'DH52110557', '2025-04-04 22:14:08'),
(377, 95, 'DH52110559', '2025-04-04 22:14:08'),
(376, 95, 'DH52110558', '2025-04-04 22:14:08'),
(381, 93, 'DH52110576', '2025-04-04 22:14:13'),
(382, 96, 'DH52110557', '2025-04-04 22:14:20'),
(383, 96, 'DH52110556', '2025-04-04 22:14:20'),
(384, 97, 'DH52110559', '2025-04-04 22:14:20'),
(385, 97, 'DH52110560', '2025-04-04 22:14:20'),
(386, 98, 'DH52110576', '2025-04-04 22:14:20'),
(387, 98, 'DH52110562', '2025-04-04 22:14:20'),
(388, 99, 'DH52110558', '2025-04-04 22:14:20'),
(389, 99, 'DH52110561', '2025-04-04 22:14:20'),
(390, 100, 'DH52110563', '2025-04-04 22:14:20'),
(391, 100, 'DH52101466', '2025-04-04 22:14:20'),
(1876, 642, '20230037', '2025-04-18 13:33:07'),
(1813, 621, '20230029', '2025-04-18 13:33:07'),
(1814, 621, '20230015', '2025-04-18 13:33:07'),
(1815, 622, '20230097', '2025-04-18 13:33:07'),
(1816, 622, '20230032', '2025-04-18 13:33:07'),
(1817, 622, '20230043', '2025-04-18 13:33:07'),
(1818, 623, '20230084', '2025-04-18 13:33:07'),
(1819, 623, '20230031', '2025-04-18 13:33:07'),
(1820, 623, '20230042', '2025-04-18 13:33:07'),
(1821, 624, '20230077', '2025-04-18 13:33:07'),
(1822, 624, '20230001', '2025-04-18 13:33:07'),
(1823, 624, '20230088', '2025-04-18 13:33:07'),
(1824, 625, '20230006', '2025-04-18 13:33:07'),
(1825, 625, '20230022', '2025-04-18 13:33:07'),
(1826, 625, '20230087', '2025-04-18 13:33:07'),
(1827, 626, '20230023', '2025-04-18 13:33:07'),
(1828, 626, '20230068', '2025-04-18 13:33:07'),
(1829, 626, '20230025', '2025-04-18 13:33:07'),
(1830, 627, '20230082', '2025-04-18 13:33:07'),
(1831, 627, '20230071', '2025-04-18 13:33:07'),
(1832, 627, '20230047', '2025-04-18 13:33:07'),
(1833, 628, '20230092', '2025-04-18 13:33:07'),
(1834, 628, '20230096', '2025-04-18 13:33:07'),
(1835, 628, '20230010', '2025-04-18 13:33:07'),
(1836, 629, '20230030', '2025-04-18 13:33:07'),
(1837, 629, '20230081', '2025-04-18 13:33:07'),
(1838, 629, '20230085', '2025-04-18 13:33:07'),
(1839, 630, '20230024', '2025-04-18 13:33:07'),
(1840, 630, '20230035', '2025-04-18 13:33:07'),
(1841, 630, '20230093', '2025-04-18 13:33:07'),
(1842, 631, '20230056', '2025-04-18 13:33:07'),
(1843, 631, '20230099', '2025-04-18 13:33:07'),
(1844, 631, '20230095', '2025-04-18 13:33:07'),
(1845, 632, '20230057', '2025-04-18 13:33:07'),
(1846, 632, '20230036', '2025-04-18 13:33:07'),
(1847, 632, '20230063', '2025-04-18 13:33:07'),
(1848, 633, '20230017', '2025-04-18 13:33:07'),
(1849, 633, '20230020', '2025-04-18 13:33:07'),
(1850, 633, '20230045', '2025-04-18 13:33:07'),
(1851, 634, '20230086', '2025-04-18 13:33:07'),
(1852, 634, '20230009', '2025-04-18 13:33:07'),
(1853, 634, '20230069', '2025-04-18 13:33:07'),
(1854, 635, '20230049', '2025-04-18 13:33:07'),
(1877, 642, '20230019', '2025-04-18 13:33:07'),
(1855, 635, '20230055', '2025-04-18 13:33:07'),
(1856, 635, '20230062', '2025-04-18 13:33:07'),
(1857, 636, '20230040', '2025-04-18 13:33:07'),
(1858, 636, '20230027', '2025-04-18 13:33:07'),
(1859, 636, '20230028', '2025-04-18 13:33:07'),
(1860, 637, '20230074', '2025-04-18 13:33:07'),
(1861, 637, '20230046', '2025-04-18 13:33:07'),
(1862, 637, '20230052', '2025-04-18 13:33:07'),
(1863, 638, '20230089', '2025-04-18 13:33:07'),
(1864, 638, '20230016', '2025-04-18 13:33:07'),
(1865, 638, '20230003', '2025-04-18 13:33:07'),
(1866, 639, '20230007', '2025-04-18 13:33:07'),
(1867, 639, '20230072', '2025-04-18 13:33:07'),
(1868, 639, '20230048', '2025-04-18 13:33:07'),
(1869, 640, '20230065', '2025-04-18 13:33:07'),
(1870, 640, '20230002', '2025-04-18 13:33:07'),
(1871, 640, '20230067', '2025-04-18 13:33:07'),
(1872, 641, '20230018', '2025-04-18 13:33:07'),
(1873, 641, '20230100', '2025-04-18 13:33:07'),
(1874, 641, '20230026', '2025-04-18 13:33:07'),
(1875, 642, '20230075', '2025-04-18 13:33:07'),
(1808, 619, '20230004', '2025-04-18 13:33:07'),
(1809, 620, '20230005', '2025-04-18 13:33:07'),
(1810, 620, '20230090', '2025-04-18 13:33:07'),
(1811, 620, '20230094', '2025-04-18 13:33:07'),
(1812, 621, '20230044', '2025-04-18 13:33:07'),
(1807, 619, '20230073', '2025-04-18 13:33:07'),
(1803, 618, '20230013', '2025-04-18 13:33:07'),
(1804, 618, '20230079', '2025-04-18 13:33:07'),
(1805, 618, '20230011', '2025-04-18 13:33:07'),
(1806, 619, '20230053', '2025-04-18 13:33:07'),
(1802, 617, '20230080', '2025-04-18 13:33:07'),
(1801, 617, '20230098', '2025-04-18 13:33:07'),
(1800, 617, '20230038', '2025-04-18 13:33:07'),
(1799, 616, '20230039', '2025-04-18 13:33:07'),
(1797, 616, '20230070', '2025-04-18 13:33:07'),
(1798, 616, '20230041', '2025-04-18 13:33:07'),
(1796, 615, '20230091', '2025-04-18 13:33:07'),
(1778, 610, '20230060', '2025-04-18 13:33:07'),
(1779, 610, '20230064', '2025-04-18 13:33:07'),
(1780, 610, '20230014', '2025-04-18 13:33:07'),
(1781, 610, '20230058', '2025-04-18 13:33:07'),
(1782, 611, '20230051', '2025-04-18 13:33:07'),
(1783, 611, '20230066', '2025-04-18 13:33:07'),
(1784, 611, '20230033', '2025-04-18 13:33:07'),
(1785, 612, '20230054', '2025-04-18 13:33:07'),
(1786, 612, '20230050', '2025-04-18 13:33:07'),
(1787, 612, '20230083', '2025-04-18 13:33:07'),
(1788, 613, '20230008', '2025-04-18 13:33:07'),
(1789, 613, '20230061', '2025-04-18 13:33:07'),
(1790, 613, '20230012', '2025-04-18 13:33:07'),
(1791, 614, '20230076', '2025-04-18 13:33:07'),
(1792, 614, '20230059', '2025-04-18 13:33:07'),
(1793, 614, '20230078', '2025-04-18 13:33:07'),
(1794, 615, '20230034', '2025-04-18 13:33:07'),
(1795, 615, '20230021', '2025-04-18 13:33:07'),
(2130, 755, 'DH52110562', '2025-04-21 15:13:24'),
(2131, 755, 'DH52101466', '2025-04-21 15:13:24'),
(2132, 756, 'DH52110559', '2025-04-21 15:13:24'),
(2133, 756, 'DH52110575', '2025-04-21 15:13:24'),
(2134, 757, 'DH52110556', '2025-04-21 15:13:24'),
(2135, 757, 'DH52110561', '2025-04-21 15:13:24'),
(2136, 757, 'DH76589001', '2025-04-21 15:13:24'),
(2137, 758, 'DH52107510', '2025-04-21 15:13:24'),
(2138, 758, 'DH52110576', '2025-04-21 15:13:24'),
(2139, 759, 'DH5211056', '2025-04-21 15:13:24'),
(2140, 759, 'DH52110557', '2025-04-21 15:13:24');

-- --------------------------------------------------------

--
-- Cấu trúc bảng cho bảng `group_requests`
--

DROP TABLE IF EXISTS `group_requests`;
CREATE TABLE IF NOT EXISTS `group_requests` (
  `id` int NOT NULL AUTO_INCREMENT,
  `group_id` int NOT NULL,
  `mssv` varchar(20) NOT NULL,
  `status` enum('pending','approved','rejected') NOT NULL DEFAULT 'pending',
  `created_at` datetime NOT NULL DEFAULT CURRENT_TIMESTAMP,
  PRIMARY KEY (`id`),
  UNIQUE KEY `unique_group_request` (`group_id`,`mssv`),
  KEY `mssv` (`mssv`)
) ENGINE=MyISAM DEFAULT CHARSET=utf8mb4 COLLATE=utf8mb4_0900_ai_ci;

-- --------------------------------------------------------

--
-- Cấu trúc bảng cho bảng `make_up_sessions`
--

DROP TABLE IF EXISTS `make_up_sessions`;
CREATE TABLE IF NOT EXISTS `make_up_sessions` (
  `id` int NOT NULL AUTO_INCREMENT,
  `student_id` int NOT NULL,
  `original_session_id` int NOT NULL,
  `make_up_session_id` int NOT NULL,
  `reason` text,
  `status` enum('pending','approved','rejected') DEFAULT 'pending',
  `created_at` timestamp NULL DEFAULT CURRENT_TIMESTAMP,
  PRIMARY KEY (`id`),
  KEY `student_id` (`student_id`),
  KEY `original_session_id` (`original_session_id`),
  KEY `make_up_session_id` (`make_up_session_id`)
) ENGINE=MyISAM DEFAULT CHARSET=utf8mb4 COLLATE=utf8mb4_0900_ai_ci;

-- --------------------------------------------------------

--
-- Cấu trúc bảng cho bảng `members`
--

DROP TABLE IF EXISTS `members`;
CREATE TABLE IF NOT EXISTS `members` (
  `id` int NOT NULL AUTO_INCREMENT,
  `mssv` varchar(20) NOT NULL,
  `hoten` varchar(100) NOT NULL,
  `khoa` varchar(100) NOT NULL,
  `lop` varchar(20) NOT NULL,
  `ngaysinh` date DEFAULT NULL,
  `user_id` int DEFAULT NULL,
  PRIMARY KEY (`id`),
  UNIQUE KEY `mssv` (`mssv`),
  KEY `user_id` (`user_id`)
) ENGINE=MyISAM DEFAULT CHARSET=utf8mb4 COLLATE=utf8mb4_0900_ai_ci;

-- --------------------------------------------------------

--
-- Cấu trúc bảng cho bảng `notifications`
--

DROP TABLE IF EXISTS `notifications`;
CREATE TABLE IF NOT EXISTS `notifications` (
  `id` int NOT NULL AUTO_INCREMENT,
  `session_id` int NOT NULL,
  `group_id` int DEFAULT NULL,
  `message` text NOT NULL,
  `created_by` int NOT NULL,
  `created_at` timestamp NULL DEFAULT CURRENT_TIMESTAMP,
  PRIMARY KEY (`id`),
  KEY `session_id` (`session_id`),
  KEY `group_id` (`group_id`)
) ENGINE=MyISAM AUTO_INCREMENT=10 DEFAULT CHARSET=utf8mb4 COLLATE=utf8mb4_0900_ai_ci;

--
-- Đang đổ dữ liệu cho bảng `notifications`
--

INSERT INTO `notifications` (`id`, `session_id`, `group_id`, `message`, `created_by`, `created_at`) VALUES
(7, 21, NULL, 'aaaa', 1, '2025-04-21 07:08:49'),
(8, 21, NULL, 'nghỉ nha', 1, '2025-04-21 08:05:00'),
(9, 21, NULL, 'nghỉ', 1, '2025-04-21 08:14:23');

-- --------------------------------------------------------

--
-- Cấu trúc bảng cho bảng `notification_status`
--

DROP TABLE IF EXISTS `notification_status`;
CREATE TABLE IF NOT EXISTS `notification_status` (
  `id` int NOT NULL AUTO_INCREMENT,
  `notification_id` int NOT NULL,
  `student_id` varchar(50) NOT NULL,
  `is_read` tinyint(1) DEFAULT '0',
  PRIMARY KEY (`id`),
  KEY `notification_id` (`notification_id`)
) ENGINE=MyISAM AUTO_INCREMENT=8 DEFAULT CHARSET=utf8mb4 COLLATE=utf8mb4_0900_ai_ci;

--
-- Đang đổ dữ liệu cho bảng `notification_status`
--

INSERT INTO `notification_status` (`id`, `notification_id`, `student_id`, `is_read`) VALUES
(5, 8, 'DH52110556', 1),
(6, 7, 'DH52110556', 1),
(7, 9, 'DH52110556', 1);

-- --------------------------------------------------------

--
-- Cấu trúc bảng cho bảng `session_enrollments`
--

DROP TABLE IF EXISTS `session_enrollments`;
CREATE TABLE IF NOT EXISTS `session_enrollments` (
  `id` int NOT NULL AUTO_INCREMENT,
  `session_id` int NOT NULL,
  `mssv` varchar(20) NOT NULL,
  `created_at` timestamp NULL DEFAULT CURRENT_TIMESTAMP,
  PRIMARY KEY (`id`),
  UNIQUE KEY `unique_enrollment` (`session_id`,`mssv`),
  KEY `mssv` (`mssv`)
) ENGINE=MyISAM AUTO_INCREMENT=17 DEFAULT CHARSET=utf8mb4 COLLATE=utf8mb4_0900_ai_ci;

--
-- Đang đổ dữ liệu cho bảng `session_enrollments`
--

INSERT INTO `session_enrollments` (`id`, `session_id`, `mssv`, `created_at`) VALUES
(1, 5, 'DH52110556', '2025-04-01 18:21:50'),
(2, 5, 'DH52110562', '2025-04-01 18:21:50'),
(3, 5, 'DH52110575', '2025-04-01 18:21:50'),
(4, 5, 'DH52110579', '2025-04-01 18:21:50'),
(5, 5, 'DH52110580', '2025-04-01 18:21:50'),
(6, 5, 'DH52708078', '2025-04-01 18:21:50'),
(7, 6, 'DH52110556', '2025-04-01 18:21:50'),
(8, 6, 'DH52110558', '2025-04-01 18:21:50'),
(9, 6, 'DH52110559', '2025-04-01 18:21:50'),
(10, 6, 'DH52110560', '2025-04-01 18:21:50'),
(11, 6, 'DH52110561', '2025-04-01 18:21:50'),
(12, 6, 'DH52110563', '2025-04-01 18:21:50'),
(13, 6, 'DH52110576', '2025-04-01 18:21:50'),
(14, 6, 'DH52708078', '2025-04-01 18:21:50'),
(15, 6, 'DH72105210', '2025-04-01 18:21:50'),
(16, 6, 'DH888888888', '2025-04-01 18:21:50');

-- --------------------------------------------------------

--
-- Cấu trúc bảng cho bảng `session_students`
--

DROP TABLE IF EXISTS `session_students`;
CREATE TABLE IF NOT EXISTS `session_students` (
  `id` int NOT NULL AUTO_INCREMENT,
  `session_id` int NOT NULL,
  `mssv` varchar(20) NOT NULL,
  PRIMARY KEY (`id`),
  KEY `session_id` (`session_id`),
  KEY `mssv` (`mssv`)
) ENGINE=MyISAM DEFAULT CHARSET=utf8mb4 COLLATE=utf8mb4_0900_ai_ci;

-- --------------------------------------------------------

--
-- Cấu trúc bảng cho bảng `students`
--

DROP TABLE IF EXISTS `students`;
CREATE TABLE IF NOT EXISTS `students` (
  `id` int NOT NULL AUTO_INCREMENT,
  `mssv` varchar(20) NOT NULL,
  `hoten` varchar(100) NOT NULL,
  `khoa` varchar(50) NOT NULL,
  `lop` varchar(50) NOT NULL,
  `ngaysinh` date NOT NULL,
  `user_id` int DEFAULT NULL,
  PRIMARY KEY (`id`),
  UNIQUE KEY `mssv` (`mssv`),
  UNIQUE KEY `mssv_2` (`mssv`),
  KEY `user_id` (`user_id`)
) ENGINE=MyISAM AUTO_INCREMENT=145 DEFAULT CHARSET=utf8mb4 COLLATE=utf8mb4_0900_ai_ci;

--
-- Đang đổ dữ liệu cho bảng `students`
--

INSERT INTO `students` (`id`, `mssv`, `hoten`, `khoa`, `lop`, `ngaysinh`, `user_id`) VALUES
(23, 'DH52101466', 'Quách Thái Hùng', 'CNTT', 'D21_TH02', '2003-02-03', 13),
(24, 'DH52110556', 'Nguyễn Bảo Anh', 'CNTT', 'D21_TH05', '2003-10-26', 14),
(25, 'DH52110557', 'Võ Trung Kiên', 'CNTT', 'D21_TH05', '2003-04-04', 15),
(26, 'DH52110558', 'Lê Thành Đạt', 'QTKD', 'D21_TC05', '2003-03-03', 16),
(27, 'DH52110559', 'Trần Đình Đức', 'CNTT', 'D21_TH06', '2003-02-05', 17),
(28, 'DH5211056', 'Lại Thế Bảo', 'CNTT', 'D21_TH06', '2003-12-02', 18),
(29, 'DH52110561', 'Lê Hải Quân', 'QTKD', 'D21_MAR03', '2003-01-01', 19),
(30, 'DH52110562', 'Nguyễn Thị Thục Đoan', 'QTKD', 'D21_TC03', '2003-11-14', 20),
(31, 'DH76589001', 'Nguyễn Hồng Hà', 'QTKD', 'D21_MAR06', '2003-04-04', 22),
(32, 'DH52110576', 'Nguyễn Quốc Bảo', 'CNTT', 'D21_TH09', '2003-05-05', 25),
(33, 'DH52110575', 'Nguyễn Hoàng Thịnh', 'CNTT', 'D21_TH07', '2003-12-10', 26),
(34, 'DH52110579', 'Trần Văn Hùng', 'CNTT', 'D21_TH07', '2003-02-02', 27),
(35, 'DH52110580', 'Ngô Xuân Bách', 'CNTT', 'D21_TH08', '2003-12-02', 28),
(36, 'DH888888888', 'Dương Lê Văn', 'CNTT', 'D21_TH05', '2003-02-08', 29),
(37, 'DH52708079', 'Trần Minh Nghĩa', 'QTKD', 'D21_MAR01', '2003-03-06', 30),
(38, 'DH52708078', 'Nguyễn Chí Nghĩa', 'CNTT', 'D21_TH06', '2003-12-17', 31),
(39, 'DH52708075', 'Lê Nguyễn Hoàng Trí', 'CNTT', 'D21_TH06', '2003-10-10', 32),
(40, 'DH12345678', 'Trần Thiên Sinh', 'CNTT', 'D21_TH04', '2003-07-07', 33),
(41, 'DH72105210', 'Nguyễn Anh Bảo', 'CNTT', 'D21_TH05', '2003-10-26', 34),
(22, 'DH87654321', 'Li Li', 'CNTT', 'D21_TH08', '2025-06-04', 12),
(42, 'DH52107510', 'Vo Trung Kien', 'CNTT', 'D21_TH05', '2003-08-01', NULL),
(43, '123456', 'Nguyen A', 'Computer Science', 'CS101', '2000-01-01', 37),
(44, '123457', 'Nguyen B', 'Mechanical Engineering', 'ME101', '2000-02-01', 38),
(45, '20230001', 'Sinh viên 1', 'Khoa 2', 'Lop 2', '2000-01-02', 39),
(46, '20230002', 'Sinh viên 2', 'Khoa 3', 'Lop 3', '2000-01-03', 40),
(47, '20230003', 'Sinh viên 3', 'Khoa 1', 'Lop 4', '2000-01-04', 41),
(48, '20230004', 'Sinh viên 4', 'Khoa 2', 'Lop 5', '2000-01-05', 42),
(49, '20230005', 'Sinh viên 5', 'Khoa 3', 'Lop 1', '2000-01-06', 43),
(50, '20230006', 'Sinh viên 6', 'Khoa 1', 'Lop 2', '2000-01-07', 44),
(51, '20230007', 'Sinh viên 7', 'Khoa 2', 'Lop 3', '2000-01-08', 45),
(52, '20230008', 'Sinh viên 8', 'Khoa 3', 'Lop 4', '2000-01-09', 46),
(53, '20230009', 'Sinh viên 9', 'Khoa 1', 'Lop 5', '2000-01-10', 47),
(54, '20230010', 'Sinh viên 10', 'Khoa 2', 'Lop 1', '2000-01-11', 48),
(55, '20230011', 'Sinh viên 11', 'Khoa 3', 'Lop 2', '2000-01-12', 49),
(56, '20230012', 'Sinh viên 12', 'Khoa 1', 'Lop 3', '2000-01-13', 50),
(57, '20230013', 'Sinh viên 13', 'Khoa 2', 'Lop 4', '2000-01-14', 51),
(58, '20230014', 'Sinh viên 14', 'Khoa 3', 'Lop 5', '2000-01-15', 52),
(59, '20230015', 'Sinh viên 15', 'Khoa 1', 'Lop 1', '2000-01-16', 53),
(60, '20230016', 'Sinh viên 16', 'Khoa 2', 'Lop 2', '2000-01-17', 54),
(61, '20230017', 'Sinh viên 17', 'Khoa 3', 'Lop 3', '2000-01-18', 55),
(62, '20230018', 'Sinh viên 18', 'Khoa 1', 'Lop 4', '2000-01-19', 56),
(63, '20230019', 'Sinh viên 19', 'Khoa 2', 'Lop 5', '2000-01-20', 57),
(64, '20230020', 'Sinh viên 20', 'Khoa 3', 'Lop 1', '2000-01-21', 58),
(65, '20230021', 'Sinh viên 21', 'Khoa 1', 'Lop 2', '2000-01-22', 59),
(66, '20230022', 'Sinh viên 22', 'Khoa 2', 'Lop 3', '2000-01-23', 60),
(67, '20230023', 'Sinh viên 23', 'Khoa 3', 'Lop 4', '2000-01-24', 61),
(68, '20230024', 'Sinh viên 24', 'Khoa 1', 'Lop 5', '2000-01-25', 62),
(69, '20230025', 'Sinh viên 25', 'Khoa 2', 'Lop 1', '2000-01-26', 63),
(70, '20230026', 'Sinh viên 26', 'Khoa 3', 'Lop 2', '2000-01-27', 64),
(71, '20230027', 'Sinh viên 27', 'Khoa 1', 'Lop 3', '2000-01-28', 65),
(72, '20230028', 'Sinh viên 28', 'Khoa 2', 'Lop 4', '2000-01-29', 66),
(73, '20230029', 'Sinh viên 29', 'Khoa 3', 'Lop 5', '2000-01-30', 67),
(74, '20230030', 'Sinh viên 30', 'Khoa 1', 'Lop 1', '2000-01-31', 68),
(75, '20230031', 'Sinh viên 31', 'Khoa 2', 'Lop 2', '2000-01-01', 69),
(76, '20230032', 'Sinh viên 32', 'Khoa 3', 'Lop 3', '2000-01-02', 70),
(77, '20230033', 'Sinh viên 33', 'Khoa 1', 'Lop 4', '2000-01-03', 71),
(78, '20230034', 'Sinh viên 34', 'Khoa 2', 'Lop 5', '2000-01-04', 72),
(79, '20230035', 'Sinh viên 35', 'Khoa 3', 'Lop 1', '2000-01-05', 73),
(80, '20230036', 'Sinh viên 36', 'Khoa 1', 'Lop 2', '2000-01-06', 74),
(81, '20230037', 'Sinh viên 37', 'Khoa 2', 'Lop 3', '2000-01-07', 75),
(82, '20230038', 'Sinh viên 38', 'Khoa 3', 'Lop 4', '2000-01-08', 76),
(83, '20230039', 'Sinh viên 39', 'Khoa 1', 'Lop 5', '2000-01-09', 77),
(84, '20230040', 'Sinh viên 40', 'Khoa 2', 'Lop 1', '2000-01-10', 78),
(85, '20230041', 'Sinh viên 41', 'Khoa 3', 'Lop 2', '2000-01-11', 79),
(86, '20230042', 'Sinh viên 42', 'Khoa 1', 'Lop 3', '2000-01-12', 80),
(87, '20230043', 'Sinh viên 43', 'Khoa 2', 'Lop 4', '2000-01-13', 81),
(88, '20230044', 'Sinh viên 44', 'Khoa 3', 'Lop 5', '2000-01-14', 82),
(89, '20230045', 'Sinh viên 45', 'Khoa 1', 'Lop 1', '2000-01-15', 83),
(90, '20230046', 'Sinh viên 46', 'Khoa 2', 'Lop 2', '2000-01-16', 84),
(91, '20230047', 'Sinh viên 47', 'Khoa 3', 'Lop 3', '2000-01-17', 85),
(92, '20230048', 'Sinh viên 48', 'Khoa 1', 'Lop 4', '2000-01-18', 86),
(93, '20230049', 'Sinh viên 49', 'Khoa 2', 'Lop 5', '2000-01-19', 87),
(94, '20230050', 'Sinh viên 50', 'Khoa 3', 'Lop 1', '2000-01-20', 88),
(95, '20230051', 'Sinh viên 51', 'Khoa 1', 'Lop 2', '2000-01-21', 89),
(96, '20230052', 'Sinh viên 52', 'Khoa 2', 'Lop 3', '2000-01-22', 90),
(97, '20230053', 'Sinh viên 53', 'Khoa 3', 'Lop 4', '2000-01-23', 91),
(98, '20230054', 'Sinh viên 54', 'Khoa 1', 'Lop 5', '2000-01-24', 92),
(99, '20230055', 'Sinh viên 55', 'Khoa 2', 'Lop 1', '2000-01-25', 93),
(100, '20230056', 'Sinh viên 56', 'Khoa 3', 'Lop 2', '2000-01-26', 94),
(101, '20230057', 'Sinh viên 57', 'Khoa 1', 'Lop 3', '2000-01-27', 95),
(102, '20230058', 'Sinh viên 58', 'Khoa 2', 'Lop 4', '2000-01-28', 96),
(103, '20230059', 'Sinh viên 59', 'Khoa 3', 'Lop 5', '2000-01-29', 97),
(104, '20230060', 'Sinh viên 60', 'Khoa 1', 'Lop 1', '2000-01-30', 98),
(105, '20230061', 'Sinh viên 61', 'Khoa 2', 'Lop 2', '2000-01-31', 99),
(106, '20230062', 'Sinh viên 62', 'Khoa 3', 'Lop 3', '2000-01-01', 100),
(107, '20230063', 'Sinh viên 63', 'Khoa 1', 'Lop 4', '2000-01-02', 101),
(108, '20230064', 'Sinh viên 64', 'Khoa 2', 'Lop 5', '2000-01-03', 102),
(109, '20230065', 'Sinh viên 65', 'Khoa 3', 'Lop 1', '2000-01-04', 103),
(110, '20230066', 'Sinh viên 66', 'Khoa 1', 'Lop 2', '2000-01-05', 104),
(111, '20230067', 'Sinh viên 67', 'Khoa 2', 'Lop 3', '2000-01-06', 105),
(112, '20230068', 'Sinh viên 68', 'Khoa 3', 'Lop 4', '2000-01-07', 106),
(113, '20230069', 'Sinh viên 69', 'Khoa 1', 'Lop 5', '2000-01-08', 107),
(114, '20230070', 'Sinh viên 70', 'Khoa 2', 'Lop 1', '2000-01-09', 108),
(115, '20230071', 'Sinh viên 71', 'Khoa 3', 'Lop 2', '2000-01-10', 109),
(116, '20230072', 'Sinh viên 72', 'Khoa 1', 'Lop 3', '2000-01-11', 110),
(117, '20230073', 'Sinh viên 73', 'Khoa 2', 'Lop 4', '2000-01-12', 111),
(118, '20230074', 'Sinh viên 74', 'Khoa 3', 'Lop 5', '2000-01-13', 112),
(119, '20230075', 'Sinh viên 75', 'Khoa 1', 'Lop 1', '2000-01-14', 113),
(120, '20230076', 'Sinh viên 76', 'Khoa 2', 'Lop 2', '2000-01-15', 114),
(121, '20230077', 'Sinh viên 77', 'Khoa 3', 'Lop 3', '2000-01-16', 115),
(122, '20230078', 'Sinh viên 78', 'Khoa 1', 'Lop 4', '2000-01-17', 116),
(123, '20230079', 'Sinh viên 79', 'Khoa 2', 'Lop 5', '2000-01-18', 117),
(124, '20230080', 'Sinh viên 80', 'Khoa 3', 'Lop 1', '2000-01-19', 118),
(125, '20230081', 'Sinh viên 81', 'Khoa 1', 'Lop 2', '2000-01-20', 119),
(126, '20230082', 'Sinh viên 82', 'Khoa 2', 'Lop 3', '2000-01-21', 120),
(127, '20230083', 'Sinh viên 83', 'Khoa 3', 'Lop 4', '2000-01-22', 121),
(128, '20230084', 'Sinh viên 84', 'Khoa 1', 'Lop 5', '2000-01-23', 122),
(129, '20230085', 'Sinh viên 85', 'Khoa 2', 'Lop 1', '2000-01-24', 123),
(130, '20230086', 'Sinh viên 86', 'Khoa 3', 'Lop 2', '2000-01-25', 124),
(131, '20230087', 'Sinh viên 87', 'Khoa 1', 'Lop 3', '2000-01-26', 125),
(132, '20230088', 'Sinh viên 88', 'Khoa 2', 'Lop 4', '2000-01-27', 126),
(133, '20230089', 'Sinh viên 89', 'Khoa 3', 'Lop 5', '2000-01-28', 127),
(134, '20230090', 'Sinh viên 90', 'Khoa 1', 'Lop 1', '2000-01-29', 128),
(135, '20230091', 'Sinh viên 91', 'Khoa 2', 'Lop 2', '2000-01-30', 129),
(136, '20230092', 'Sinh viên 92', 'Khoa 3', 'Lop 3', '2000-01-31', 130),
(137, '20230093', 'Sinh viên 93', 'Khoa 1', 'Lop 4', '2000-01-01', 131),
(138, '20230094', 'Sinh viên 94', 'Khoa 2', 'Lop 5', '2000-01-02', 132),
(139, '20230095', 'Sinh viên 95', 'Khoa 3', 'Lop 1', '2000-01-03', 133),
(140, '20230096', 'Sinh viên 96', 'Khoa 1', 'Lop 2', '2000-01-04', 134),
(141, '20230097', 'Sinh viên 97', 'Khoa 2', 'Lop 3', '2000-01-05', 135),
(142, '20230098', 'Sinh viên 98', 'Khoa 3', 'Lop 4', '2000-01-06', 136),
(143, '20230099', 'Sinh viên 99', 'Khoa 1', 'Lop 5', '2000-01-07', 137),
(144, '20230100', 'Sinh viên 100', 'Khoa 2', 'Lop 1', '2000-01-08', 138);

-- --------------------------------------------------------

--
-- Cấu trúc bảng cho bảng `student_groups`
--

DROP TABLE IF EXISTS `student_groups`;
CREATE TABLE IF NOT EXISTS `student_groups` (
  `id` int NOT NULL AUTO_INCREMENT,
  `name` varchar(255) NOT NULL,
  `mode` enum('random','teacher','student') NOT NULL,
  `min_members` int NOT NULL DEFAULT '2',
  `max_members` int NOT NULL DEFAULT '5',
  `description` text,
  `session_id` int NOT NULL,
  `created_at` datetime NOT NULL,
  PRIMARY KEY (`id`),
  KEY `session_id` (`session_id`)
) ENGINE=MyISAM AUTO_INCREMENT=760 DEFAULT CHARSET=utf8mb4 COLLATE=utf8mb4_0900_ai_ci;

--
-- Đang đổ dữ liệu cho bảng `student_groups`
--

INSERT INTO `student_groups` (`id`, `name`, `mode`, `min_members`, `max_members`, `description`, `session_id`, `created_at`) VALUES
(642, 'Nhóm 33', 'random', 3, 5, NULL, 25, '0000-00-00 00:00:00'),
(641, 'Nhóm 32', 'random', 3, 5, NULL, 25, '0000-00-00 00:00:00'),
(640, 'Nhóm 31', 'random', 3, 5, NULL, 25, '0000-00-00 00:00:00'),
(100, 'Nhóm 5', 'random', 2, 5, NULL, 16, '0000-00-00 00:00:00'),
(99, 'Nhóm 4', 'random', 2, 5, NULL, 16, '0000-00-00 00:00:00'),
(98, 'Nhóm 3', 'random', 2, 5, NULL, 16, '0000-00-00 00:00:00'),
(97, 'Nhóm 2', 'random', 2, 5, NULL, 16, '0000-00-00 00:00:00'),
(96, 'Nhóm 1', 'random', 2, 5, NULL, 16, '0000-00-00 00:00:00'),
(95, 'Nhóm 3', 'teacher', 2, 5, NULL, 16, '0000-00-00 00:00:00'),
(94, 'Nhóm 2', 'teacher', 2, 5, NULL, 16, '0000-00-00 00:00:00'),
(93, 'Nhóm 1', 'teacher', 2, 5, NULL, 16, '0000-00-00 00:00:00'),
(89, 'Nhóm 1', 'random', 2, 4, NULL, 13, '0000-00-00 00:00:00'),
(87, 'Nhóm 2', 'teacher', 2, 5, NULL, 7, '0000-00-00 00:00:00'),
(88, 'Nhóm 3', 'teacher', 2, 5, NULL, 7, '0000-00-00 00:00:00'),
(69, 'Nhóm 4', 'teacher', 2, 5, NULL, 8, '0000-00-00 00:00:00'),
(68, 'Nhóm 3', 'teacher', 2, 5, NULL, 8, '0000-00-00 00:00:00'),
(67, 'Nhóm 2', 'teacher', 2, 5, NULL, 8, '0000-00-00 00:00:00'),
(66, 'Nhóm 1', 'teacher', 2, 5, NULL, 8, '0000-00-00 00:00:00'),
(92, 'Nhóm 4', 'random', 2, 4, NULL, 13, '0000-00-00 00:00:00'),
(91, 'Nhóm 3', 'random', 2, 4, NULL, 13, '0000-00-00 00:00:00'),
(90, 'Nhóm 2', 'random', 2, 4, NULL, 13, '0000-00-00 00:00:00'),
(45, 'Nhóm 4', 'random', 2, 3, NULL, 6, '0000-00-00 00:00:00'),
(44, 'Nhóm 3', 'random', 2, 3, NULL, 6, '0000-00-00 00:00:00'),
(43, 'Nhóm 2', 'random', 2, 3, NULL, 6, '0000-00-00 00:00:00'),
(42, 'Nhóm 1', 'random', 2, 3, NULL, 6, '0000-00-00 00:00:00'),
(639, 'Nhóm 30', 'random', 3, 5, NULL, 25, '0000-00-00 00:00:00'),
(638, 'Nhóm 29', 'random', 3, 5, NULL, 25, '0000-00-00 00:00:00'),
(637, 'Nhóm 28', 'random', 3, 5, NULL, 25, '0000-00-00 00:00:00'),
(636, 'Nhóm 27', 'random', 3, 5, NULL, 25, '0000-00-00 00:00:00'),
(635, 'Nhóm 26', 'random', 3, 5, NULL, 25, '0000-00-00 00:00:00'),
(634, 'Nhóm 25', 'random', 3, 5, NULL, 25, '0000-00-00 00:00:00'),
(633, 'Nhóm 24', 'random', 3, 5, NULL, 25, '0000-00-00 00:00:00'),
(632, 'Nhóm 23', 'random', 3, 5, NULL, 25, '0000-00-00 00:00:00'),
(631, 'Nhóm 22', 'random', 3, 5, NULL, 25, '0000-00-00 00:00:00'),
(630, 'Nhóm 21', 'random', 3, 5, NULL, 25, '0000-00-00 00:00:00'),
(629, 'Nhóm 20', 'random', 3, 5, NULL, 25, '0000-00-00 00:00:00'),
(628, 'Nhóm 19', 'random', 3, 5, NULL, 25, '0000-00-00 00:00:00'),
(627, 'Nhóm 18', 'random', 3, 5, NULL, 25, '0000-00-00 00:00:00'),
(626, 'Nhóm 17', 'random', 3, 5, NULL, 25, '0000-00-00 00:00:00'),
(625, 'Nhóm 16', 'random', 3, 5, NULL, 25, '0000-00-00 00:00:00'),
(624, 'Nhóm 15', 'random', 3, 5, NULL, 25, '0000-00-00 00:00:00'),
(623, 'Nhóm 14', 'random', 3, 5, NULL, 25, '0000-00-00 00:00:00'),
(622, 'Nhóm 13', 'random', 3, 5, NULL, 25, '0000-00-00 00:00:00'),
(621, 'Nhóm 12', 'random', 3, 5, NULL, 25, '0000-00-00 00:00:00'),
(620, 'Nhóm 11', 'random', 3, 5, NULL, 25, '0000-00-00 00:00:00'),
(619, 'Nhóm 10', 'random', 3, 5, NULL, 25, '0000-00-00 00:00:00'),
(618, 'Nhóm 9', 'random', 3, 5, NULL, 25, '0000-00-00 00:00:00'),
(617, 'Nhóm 8', 'random', 3, 5, NULL, 25, '0000-00-00 00:00:00'),
(616, 'Nhóm 7', 'random', 3, 5, NULL, 25, '0000-00-00 00:00:00'),
(615, 'Nhóm 6', 'random', 3, 5, NULL, 25, '0000-00-00 00:00:00'),
(614, 'Nhóm 5', 'random', 3, 5, NULL, 25, '0000-00-00 00:00:00'),
(613, 'Nhóm 4', 'random', 3, 5, NULL, 25, '0000-00-00 00:00:00'),
(612, 'Nhóm 3', 'random', 3, 5, NULL, 25, '0000-00-00 00:00:00'),
(611, 'Nhóm 2', 'random', 3, 5, NULL, 25, '0000-00-00 00:00:00'),
(610, 'Nhóm 1', 'random', 3, 5, NULL, 25, '0000-00-00 00:00:00'),
(758, 'Nhóm 4', 'random', 2, 3, NULL, 21, '0000-00-00 00:00:00'),
(759, 'Nhóm 5', 'random', 2, 3, NULL, 21, '0000-00-00 00:00:00'),
(757, 'Nhóm 3', 'random', 2, 3, NULL, 21, '0000-00-00 00:00:00'),
(756, 'Nhóm 2', 'random', 2, 3, NULL, 21, '0000-00-00 00:00:00'),
(755, 'Nhóm 1', 'random', 2, 3, NULL, 21, '0000-00-00 00:00:00');

-- --------------------------------------------------------

--
-- Cấu trúc bảng cho bảng `users`
--

DROP TABLE IF EXISTS `users`;
CREATE TABLE IF NOT EXISTS `users` (
  `id` int NOT NULL AUTO_INCREMENT,
  `email` varchar(191) NOT NULL,
  `password` varchar(255) NOT NULL,
  `role` enum('admin','student') DEFAULT 'student',
  PRIMARY KEY (`id`),
  UNIQUE KEY `email` (`email`),
  UNIQUE KEY `email_2` (`email`)
) ENGINE=MyISAM AUTO_INCREMENT=139 DEFAULT CHARSET=utf8mb4 COLLATE=utf8mb4_0900_ai_ci;

--
-- Đang đổ dữ liệu cho bảng `users`
--

INSERT INTO `users` (`id`, `email`, `password`, `role`) VALUES
(8, 'baoanhdeptrai2610@gmail.com', '$2y$10$ZG3elCd0nbqBA3SaL/blb.bfnvdzR4EMu7MFuSohjPBWqT11NCnAi', 'admin'),
(10, 'student@gmail.com', '$2y$10$xZ8p2wbe4/3C0DV1QMwA8OKUdm.OjEDhmaO8u9YasiKrvxlVK5cqK', 'student'),
(15, 'kien@gmail.com', '$2y$10$jQHHevdnuoJzxEn7zRtysOkXaYVxIAOWAJHMwzsTlQrsC9x3gr0Qy', 'student'),
(12, 'li@gmail.com', '$2y$10$l8F5ZJjvkKomeOLeZqvA4uLkM8LhWdLc.zdpIg6QPWqBTZmcUtvri', 'student'),
(13, 'hung@gmail.com', '$2y$10$VOkEzDVPHK9k6/245RzLBucQK2OXbMJxG4e5yfHQCnxINDuY/S/ua', 'student'),
(14, 'anh@gmail.com', '$2y$10$2d9Lm5AYIOcdo0cL5Iv11uTUjir.QGd5c2sRpD/osz1MfoItCNL7K', 'student'),
(16, 'dat@gmail.com', '$2y$10$hQisDBKHW9mXmqWDF4V64u0f9CLQccur12XX7RIwaH8F4ZGF6Cmnu', 'student'),
(17, 'duc@gmail.com', '$2y$10$JjwxzHRra.GuZuuK9uiea.my6eHO8lzJkLOY/HjPFvWu4i9HA7n1i', 'student'),
(18, 'bao@gmail.com', '$2y$10$wiU8Iv/jkWfS20cB/AXur.wdC/SbeNpw1rIiTW9s5baCpYlG2zQCS', 'student'),
(19, 'quan@gmail.com', '$2y$10$5VjwrWkDXMTe0d0T4mq2Lu84u48LkYuhJrLVltmYbkgviY3wLojnG', 'student'),
(20, 'doan@gmail.com', '$2y$10$.tNkG9egzvyaJpAhIOH.AOnpzArMQE.IF5J2pADt/3yVao.q/V.x.', 'student'),
(22, 'ha@gmail.com', '$2y$10$ATKtlg8z6/h.qugQjUnzz.TXFvT3DApjpHhhxiP8BcW3OhYft10Ji', 'student'),
(25, 'abao@gmail.com', '$2y$10$cDjuTA.Da6JqwzT5TbdVQeIHjLC4izli9regcKnlCcfsryxbZ.vTa', 'student'),
(26, 'thinh@gmail.com', '$2y$10$5zZ/PeKwiu.v5x6aefYdTeiVY7hL9hLR2GMaAMiFy71LKJgQ5yNPa', 'student'),
(27, 'ahung@gmail.com', '$2y$10$zIIAZWDRzDJtJvmoOVEt7uV8H0WjjPmitCI6x90M0yTagoqnZC4Cq', 'student'),
(28, 'bach@gmail.com', '$2y$10$aDOBUjnCLnqmz6yX7KoTLeV7vhLPTEEvwfYxYZhNB9ZR/SnoJqL4m', 'student'),
(29, 'van@gmail.com', '$2y$10$ccyOcYLI4d7bdlFEJjhAfe1zv.t/6EfuKL3HKSW/le9Juu0aA/OM.', 'student'),
(30, 'nghia@gmail.com', '$2y$10$tBs5hlNZdr9Oiey/7vHfYObYOGudL5tquaapf8O7Mf/JZvkLjOPZa', 'student'),
(31, 'anghia@gmail.com', '$2y$10$MgjTaXciaqwXxVdMOavIV.c.Jni9B2OcA6Ni3i/lWtIoTH8NI95Bm', 'student'),
(32, 'tri@gmail.com', '$2y$10$Csb9IBS9te500kkNhbGuLeIw32G0LBL3QxMssHyQX8JJnYJ3imDIW', 'student'),
(33, 'sinh@gmail.com', '$2y$10$yGbNqztRJm3gTs2wUe6vjOTrLyjJar2UZI5YOWh2Dp7p9YGFIdrre', 'student'),
(34, 'bbao@gmail.com', '$2y$10$fUlPyj4tOgIvaO5CSVUTnePPSylRi7hA87Z..FLwD/AT2QGf5bEIi', 'student'),
(36, 'kienne@gmail.com', '$2y$10$CsiVBWlCMdt55RvbCEJQdugnOrKGKY66CJ0kTuvl48afR0bFOUsNS', 'admin'),
(39, 'student1@example.com', '$2y$10$LBZDzxXIO1s1fr9/DxPUGOzrjcPuD0ESQ3RPfhC6Dn6nnNzWBfvS2', 'student'),
(40, 'student2@example.com', '$2y$10$DxUOo4T2ycajkgSrCxFgoelljTjcO4ICPksqruRZs.K9XvDzgnwei', 'student'),
(41, 'student3@example.com', '$2y$10$6GiKVUS1WtD9TfNnlmfWLeumja73XaKT12Smp3m6gNXjMKR0C4YVm', 'student'),
(42, 'student4@example.com', '$2y$10$PqUkZx0GWESngc0Om0wcIO34pkLGzotO9vsjC8qUuEI5Zr5EMU2Kq', 'student'),
(43, 'student5@example.com', '$2y$10$051Qdkzgn0TkfZOoTNADLeKtsd2BsxwHsxPm/2ka3pbkJA0p5Khb.', 'student'),
(44, 'student6@example.com', '$2y$10$ZgjkW49ZQefANQuAi9unsuCR8HfZXvcvxZWvyOVo0DdiMCSxsvdNG', 'student'),
(45, 'student7@example.com', '$2y$10$KLkcdYMSVAuXmlxI12aqOeWsKgDMcm8/pZw4crNCR/WYuMAJfWeq.', 'student'),
(46, 'student8@example.com', '$2y$10$B0pyhqNsImINObbfxGhvge7NOeNB/xyvsqAIaTFOpU1bCxFujVq7W', 'student'),
(47, 'student9@example.com', '$2y$10$ABzdQ2mZYJtfeUlquBbWP.sOff/04B50mx3Acb/ti7xwfrGzEkOw2', 'student'),
(48, 'student10@example.com', '$2y$10$PJzj.4RqhxVJRcZk.csKE.XfgtZ4AYDZ8qj2yzsd4NrxTn7TbYEMa', 'student'),
(49, 'student11@example.com', '$2y$10$B9K2Wmt7wuaqG0hl4wfguu6FLZ.okQBZaPpWMq8kKj7b21xHEWoGG', 'student'),
(50, 'student12@example.com', '$2y$10$FkQK7XPk5uVIQhB8S71KHuC0JF2bflwt67CA6h/Py9xwN0ete9g0u', 'student'),
(51, 'student13@example.com', '$2y$10$B5Zuv2ldAYWxcuUS0Dri9e6bFZm04.M1uE2Urv2XCLqCq/YnMtjGC', 'student'),
(52, 'student14@example.com', '$2y$10$ozTnrZaeMEneQmrKJvvYDOT0qeDRWYkd4/lxnzWrg00sahKcDjTR.', 'student'),
(53, 'student15@example.com', '$2y$10$GHDIJIJ3F9yZdMDwj8.CIek.9O/9RCUbde2apDYrkvFC1NgV5ORq6', 'student'),
(54, 'student16@example.com', '$2y$10$Vsu0/P8YAQiPvtlwJUF3vuIJvefexGJVQgFKk6wn.vAsEhwU/pI0C', 'student'),
(55, 'student17@example.com', '$2y$10$QdM/BntHnjlDGjtgiXyXD.8MiSNxM98RDT0OF.MS6G4LIFRcLblo6', 'student'),
(56, 'student18@example.com', '$2y$10$dlVjDVfVlHK9yEeOa65XquRgiVAaSUvNP32f5oXpC1qjXRaraxmOu', 'student'),
(57, 'student19@example.com', '$2y$10$AvZU8DfNDssqV9jyRrwuIOavmDVykK6Pj159SxMDOmyemY9lAuaJC', 'student'),
(58, 'student20@example.com', '$2y$10$5mIa1KYELkON18MqQZGD2.eDxR4CLtR98WQ9WCE3P3uPJUeiUdsi2', 'student'),
(59, 'student21@example.com', '$2y$10$64JoN0KL1p5jg7YBEh17MeFjt/CjrP/jlHq2KblddHdfIhsaYVVdK', 'student'),
(60, 'student22@example.com', '$2y$10$nHsR4YFeUG0LdTVw52bzsuifCeM.Fx1TfcbSq.WVCDNyWTwncecuu', 'student'),
(61, 'student23@example.com', '$2y$10$nC.qA0gFqM7HsCTijdIX3./e4LlX9GHqTrxGMBL7c..CsKkZklre.', 'student'),
(62, 'student24@example.com', '$2y$10$e4pLEsOaNFsvr/6YxlVsCuVVm7uWBZq7ZxKjg3/KAfxd9EulW0x/y', 'student'),
(63, 'student25@example.com', '$2y$10$cVGvPByhWpoPWF6xq6NQLeb4cv1o5l0VjTdnLYDkJJOOSqMgXWWRW', 'student'),
(64, 'student26@example.com', '$2y$10$O8fydZRt8ew5ACVJRi.xG.pj5twmwUcyL4zBdl0bPxwIfk5Wsz5UK', 'student'),
(65, 'student27@example.com', '$2y$10$g8AGJzBLT648u0UN5H2Zc.Okueat9o.UpOfzE34x/q4CQrhROJ8Cq', 'student'),
(66, 'student28@example.com', '$2y$10$.5MJ2Lgxv5UNciQ.frdyAuPJUtBzt3QK.nIUHGKIsj.bOn1nwAFxW', 'student'),
(67, 'student29@example.com', '$2y$10$c66Ckuourd9apHhgv5yr/.TEUsnXo/O6aKJS2kQvsz0HeP6tU4GFm', 'student'),
(68, 'student30@example.com', '$2y$10$HPjHCCJsH7.GYy/Vu6JsL.YrzFH.8FtXujxaBDJ9spKj9UP5SyDle', 'student'),
(69, 'student31@example.com', '$2y$10$/4A6nOjMkCO3tvn3MUSIquEJKcPjeypE1su0rvicC0O6YKG.gh7VS', 'student'),
(70, 'student32@example.com', '$2y$10$R5llnI0DlcD4Np8yysuo4.PBhky8mRtGHFMcl7cUvz9fVqD9fDs4K', 'student'),
(71, 'student33@example.com', '$2y$10$XVJsb2iP9SzXOjOeU1TV/uKkkHNUxzU/ztWP4gm04XJa6WKpgq3Nm', 'student'),
(72, 'student34@example.com', '$2y$10$UFtql3r2B02HPNKJ61MO2OFGdhbsnFrXJRKwQwGb4RtLk5sxi/23a', 'student'),
(73, 'student35@example.com', '$2y$10$R68zmMgAQNsMSJ354usFnemhvbAz8LCyOQ8HxqX2Ksvr4hAf45QA6', 'student'),
(74, 'student36@example.com', '$2y$10$tVM.lEbLoolqFjKt2CgM0OCiT1QHubWp0uNzS4NUpYErnRuo03i7G', 'student'),
(75, 'student37@example.com', '$2y$10$eT1Pt8o2ywb8TSfNNGAeAu8lyL3eseiKf5pGhcEJzqVILrBsZ8Hai', 'student'),
(76, 'student38@example.com', '$2y$10$Nz/Y.2pju/EZzp0FViOaf.cVKbgCmknZRITzHoq8RgWsybR8OjSf2', 'student'),
(77, 'student39@example.com', '$2y$10$Sm2BSSjUB85ZLRQjrx2qvOP6Wv6wFbcvh1YVMPst.pl6n/Qmb7c06', 'student'),
(78, 'student40@example.com', '$2y$10$yrI4BEO1ILMXYcgsv5ZRkuHuKEF8OFXOidj1k../Jj5427.68AlS6', 'student'),
(79, 'student41@example.com', '$2y$10$EyYsDLGceokXuD4dDfPAa.iHOj1tEnmxxwZA7Pwy5jB6JK1lOPWS.', 'student'),
(80, 'student42@example.com', '$2y$10$PMzexePYxpxhIVCc9rYvme/u7O8tpj0uafX.cH8Oc/Sr9yemvgzQ6', 'student'),
(81, 'student43@example.com', '$2y$10$I5R0VfThfVWlTE3Mc0tLu.Ums4cvUrXnsIAU8ujpRNSorlzvUScwm', 'student'),
(82, 'student44@example.com', '$2y$10$dduKh4vbqbm7wyAL5kS4X.Ko0uMPZjeXFpWQKQfiOjPjFhzJ2q6qe', 'student'),
(83, 'student45@example.com', '$2y$10$gn5dD0y9EuIHtL6ZJognTO1kJXriCFOXlits9mIOfmyg.Anyn05mq', 'student'),
(84, 'student46@example.com', '$2y$10$j2rzBq5xE55zybSqJ1rQWeIpFvkj3A/7xq5Y0lnt.uRuWfclJxtqi', 'student'),
(85, 'student47@example.com', '$2y$10$qls9Ya09TfhLXGKBcb0lGu0P0vXKEwlFK/UCEszMQazLVshyQCW22', 'student'),
(86, 'student48@example.com', '$2y$10$f6sm6wA0KzjQoAlu1Xlx..O.j3iR.f0J/TwE3f9ePE/X/SDffcJ3W', 'student'),
(87, 'student49@example.com', '$2y$10$IdPn9F4ZK4VN7bmNoB4LROec5tuZPy3jc87gPhR3q0BABBAzzpjyu', 'student'),
(88, 'student50@example.com', '$2y$10$8cFtWatnDV/8wefEIqltWuPokP0rCT4fhCqtZO9A7LgAtBD35g1ou', 'student'),
(89, 'student51@example.com', '$2y$10$G7ONp.OITmaKHYkaIyzlOu/12gcbz0qiMXW0dwpXvffO60BbG4VMO', 'student'),
(90, 'student52@example.com', '$2y$10$rphVgg.dTq0HIGDKxAMz1eRWojCKwtzCzj2kiTWr9QUk4GL4yxnvG', 'student'),
(91, 'student53@example.com', '$2y$10$SwCHMgoIRlj1LY8v/qbtUe6h8aPHVO.WG4tPCyW8tCDoOe9peHq2m', 'student'),
(92, 'student54@example.com', '$2y$10$RIVbxy6soN6vnTMrvyEe.eY8JUAepN6gawD2EtB1Vn7Q0YpoYLX4W', 'student'),
(93, 'student55@example.com', '$2y$10$D5LypsPeJ5Ue3mtei75NoOxZ15H0Xqzzi.uVIDcpYg1N4aOBKBCtG', 'student'),
(94, 'student56@example.com', '$2y$10$R9oAHiIl/P7qDhZX4MMCcuvlTYjJkKQgxMQv93/nAphHxzTlKQFPq', 'student'),
(95, 'student57@example.com', '$2y$10$A3BuyJWF2s3StWoksdQFEOXHDci8/93n4TgN3TSGo.GkgakZYc01q', 'student'),
(96, 'student58@example.com', '$2y$10$Me2T5gidedhyZiSiNomi5.ihYYotxPbzylr1Rm7qyXgMnGz5Qx/.m', 'student'),
(97, 'student59@example.com', '$2y$10$xlXD33/bdKuCZ0v3cekedukUkM4JszYH7invOAXMxknB0VHc9CnD.', 'student'),
(98, 'student60@example.com', '$2y$10$Yikz/Rp5KC3yyxixVoOQIOagnripKPTTzIFDWFsst1VZTe8FKCW.O', 'student'),
(99, 'student61@example.com', '$2y$10$htMiEV8uIM05KmIj42LW9..qpsCbbpXS8IVBCs5OXcHJQNoaNpH7y', 'student'),
(100, 'student62@example.com', '$2y$10$tPltoplyXJ5bGzEFIvgMOOnYgWHc0K22SZ2iokzaadN3v19M2WGiS', 'student'),
(101, 'student63@example.com', '$2y$10$S10I4exMyD88AacAdV0ixeiwxtQ4TBit0ZQQs..IHh9yHW8kC4MDa', 'student'),
(102, 'student64@example.com', '$2y$10$VSYh/kazc7oyWTQjCSuqou.Pm0X14EQ1F6MtYR1qcmeE8bb1S2loe', 'student'),
(103, 'student65@example.com', '$2y$10$uJS0hweDnEjDYlzooYihj.zApzbVZPYhZK7gbNVk.ITd7oa0ZE/Cq', 'student'),
(104, 'student66@example.com', '$2y$10$mnawSgZcRU/mqENyrQR1.u4tWjWYV00Ut/oPM/MJRgtGSpJqEc5fm', 'student'),
(105, 'student67@example.com', '$2y$10$j8N4BZJ7uGy1MlStxOmA/ePu77oZhD0Sf2A.0ut6qTEDmPDg5.VDW', 'student'),
(106, 'student68@example.com', '$2y$10$8IIO98ztIbz86FBlBf9xlOrOcHJ.bMDUMqpLtsD6GG/inkj6Od7L6', 'student'),
(107, 'student69@example.com', '$2y$10$WAgU9a1X3Z2LcRl7zL96QumxjxGDEOsoCzhNgrpedl0MjxZs28gkS', 'student'),
(108, 'student70@example.com', '$2y$10$SzqsMPAXxSpSm2qLoqeNzu7d9CLSiNRdUsLHYMm1/.0gflPrdZDfC', 'student'),
(109, 'student71@example.com', '$2y$10$Irnn5rvUD3QPMa6Tp6xl7ueOQex3kIdPDsGlE5d2643g6yqGMVpkG', 'student'),
(110, 'student72@example.com', '$2y$10$Wsp9VLYIAzdLwmRFtCXYj.by/kbTJRBTWCp/Fkl4ryPO5OJxVUBnm', 'student'),
(111, 'student73@example.com', '$2y$10$QDmuHScpA8EtEbaZqXYlmuthMEIm.5ogA83my4h9VA7CAm4QSf6XG', 'student'),
(112, 'student74@example.com', '$2y$10$7Y4l5GhJLgGM7PJ6GJd6tu/6k1uxqDJSAkYBGUM4xN/HR/eg1T.Om', 'student'),
(113, 'student75@example.com', '$2y$10$tD3nGotXVcU5n2PQ8SURyOVxt.tMcLxRF0QLKTOVf81prhgp6i9BO', 'student'),
(114, 'student76@example.com', '$2y$10$2j7xN9WvWBJxi9tLi7e0BebPSXlzCxCxiscpOXkA/bS/p9UnO1Plq', 'student'),
(115, 'student77@example.com', '$2y$10$.He1yUJAtpseq8LLtZaI1.H9ErnIgYL3zfNwhvStusqI5ddyHuJvu', 'student'),
(116, 'student78@example.com', '$2y$10$NVRWsUBDGQGuuJp4YRbmV.6A0Ia7g/8LWbhX6n.joe3DxY1UemJ4G', 'student'),
(117, 'student79@example.com', '$2y$10$LfRCzJE6rpX9RUWMfUFg7eA0GVPMAqqoqW7nV8O4wU47cpYb8UTr.', 'student'),
(118, 'student80@example.com', '$2y$10$8QLnSv9nyxOdvUugwIILreU5VypNjch7Gq.SvftjS/FcMwI6YpMGa', 'student'),
(119, 'student81@example.com', '$2y$10$d7wpWWODnwfbh/MZxQABQeqF0TbMYZVe5KuGOxGv53/ImN4Et0SxW', 'student'),
(120, 'student82@example.com', '$2y$10$QZP3TV.wA88P/qxk5xt7BeO.JAhXb7smOBmg3KNK.vZ4hB2TZP4hu', 'student'),
(121, 'student83@example.com', '$2y$10$lITqrorbhWyF9Jb5th0KaeuWk2RaDIwTgMiNHiQIIjQuDnIivE.eG', 'student'),
(122, 'student84@example.com', '$2y$10$Wi8/4ik7tZGfO3DEjQuEc.CEyjW2.4Ppp8vP3.HOd1PTk90dQo/je', 'student'),
(123, 'student85@example.com', '$2y$10$dqSkd4.XfgilRZ/u2UiOW./EdmeqNWGqmfAJgAMRBwg6yy3FLCx1W', 'student'),
(124, 'student86@example.com', '$2y$10$IEbz0gaT4C2QksgwlGRAGuvTfdm18TrCiS6.66vSbOkGWjCOBHTza', 'student'),
(125, 'student87@example.com', '$2y$10$SfY92YpEtP53Shx.XEjclOWP0iqpSEW7zJTxEJ6slRj2gwaC4nT/e', 'student'),
(126, 'student88@example.com', '$2y$10$BPdrzBkkOWrW.VOAqY0J9uZzkv3o9UGxi6XxAx3YSY5Oh7QM6RFKe', 'student'),
(127, 'student89@example.com', '$2y$10$DbSIuOKIAzerDCF3v7KomO3jqb2rPcnQ9vjkPwhzzV1M.J2rHELj6', 'student'),
(128, 'student90@example.com', '$2y$10$Qtezmcf56mOyu/MN72JwturEh6A00AMZiTjSvdym48Bn99Lc7svuW', 'student'),
(129, 'student91@example.com', '$2y$10$tmtOnNWIMYnvufHhJIzX9eMU.6.W/Iq6I02FYx7kGjwZNNTIFVukW', 'student'),
(130, 'student92@example.com', '$2y$10$8kHV8fuLpYQ71XAvtBrcSOaIfDLh8DiN7qVPEc2rifponGsg5izVO', 'student'),
(131, 'student93@example.com', '$2y$10$blXbr3FkhnXlTg919E8jT.dOJNg1VfVg7QesvG1o2Pdt4pSUG.IQi', 'student'),
(132, 'student94@example.com', '$2y$10$1T3hWqyrYDnNozuaOPp1/OMLbbkVNKReA1RDxCqwRbwSVxUQJASI6', 'student'),
(133, 'student95@example.com', '$2y$10$XqZOUVwly/Tg2Vrd8OPp6OW3NWJbcXncpHCf56MTx6wX1N620LBB6', 'student'),
(134, 'student96@example.com', '$2y$10$9cDp0lrSEhq6xjhsaOsIj.nQPgR4.XlWtrhWyH.0JVir20dC4rTOy', 'student'),
(135, 'student97@example.com', '$2y$10$6fd4EqNWJZBIJqNHYWF/mOAToh/BGRKjAzoZusduw/okGq65LKuVu', 'student'),
(136, 'student98@example.com', '$2y$10$HQNB4OEvaMkE5fELOCa4muyHl3IfCpN77ikgE1DAgq6LRbRJxkPZy', 'student'),
(137, 'student99@example.com', '$2y$10$nJy.MKvHukTvjk5URHDJyed2hG/T4HtmgxHcjxwNM7vT5q/FRiH3K', 'student'),
(138, 'student100@example.com', '$2y$10$a9fJ0568OY0N5M4xL3j/cuUicRdiFx/H.L3QT/1k0CuaVgjBNcDAW', 'student');
COMMIT;

/*!40101 SET CHARACTER_SET_CLIENT=@OLD_CHARACTER_SET_CLIENT */;
/*!40101 SET CHARACTER_SET_RESULTS=@OLD_CHARACTER_SET_RESULTS */;
/*!40101 SET COLLATION_CONNECTION=@OLD_COLLATION_CONNECTION */;
